accident_index,accident_year,accident_ref_no,vehicle_reference,vehicle_type,vehicle_text
2021010287289,2021,010287289,2,90,electric scooter
2021010287471,2021,010287471,1,90,electric scooter
2021010287540,2021,010287540,2,90,electric scooter
2021010287634,2021,010287634,2,90,electric scooter
2021010287851,2021,010287851,2,90,electric scooter
2021010287914,2021,010287914,2,90,electric scooter
2021010288047,2021,010288047,1,90,electric scooter
2021010288097,2021,010288097,2,90,electric scooter
2021010288456,2021,010288456,2,90,electric scooter
2021010288481,2021,010288481,1,90,electric scooter
2021010288625,2021,010288625,2,90,electric scooter
2021010289130,2021,010289130,2,90,electric scooter
2021010289396,2021,010289396,2,90,electric scooter
2021010289661,2021,010289661,1,90,electric scooter
2021010289686,2021,010289686,2,90,electric scooter
2021010290351,2021,010290351,1,90,electric scooter
2021010290368,2021,010290368,2,90,electric scooter
2021010290457,2021,010290457,1,90,electric scooter
2021010290604,2021,010290604,2,90,electric scooter
2021010290634,2021,010290634,2,90,electric scooter
2021010290646,2021,010290646,1,90,electric scooter
2021010290658,2021,010290658,1,90,electric scooter
2021010291118,2021,010291118,2,90,electric scooter
2021010291146,2021,010291146,2,90,electric scooter
2021010291398,2021,010291398,2,90,electric scooter
2021010291649,2021,010291649,2,90,electric scooter
2021010291799,2021,010291799,2,90,electric scooter
2021010292159,2021,010292159,2,90,electric scooter
2021010292252,2021,010292252,2,90,electric scooter
2021010292580,2021,010292580,2,90,electric scooter
2021010292592,2021,010292592,1,90,electric scooter
2021010293045,2021,010293045,2,90,electric scooter
2021010293354,2021,010293354,2,90,electric scooter
2021010293357,2021,010293357,1,90,electric scooter
2021010293362,2021,010293362,1,90,electric scooter
2021010293443,2021,010293443,1,90,electric scooter
2021010293555,2021,010293555,2,90,electric scooter
2021010293580,2021,010293580,1,90,electric scooter
2021010293720,2021,010293720,2,90,electric scooter
2021010294297,2021,010294297,2,90,electric scooter
2021010294378,2021,010294378,1,90,electric scooter
2021010294410,2021,010294410,2,90,electric scooter
2021010294954,2021,010294954,1,90,electric scooter
2021010295025,2021,010295025,1,90,electric scooter
2021010295027,2021,010295027,1,90,electric scooter
2021010295607,2021,010295607,1,90,electric scooter
2021010295625,2021,010295625,2,90,electric scooter
2021010295712,2021,010295712,1,90,electric scooter
2021010295827,2021,010295827,2,90,electric scooter
2021010295879,2021,010295879,1,90,electric scooter
2021010295984,2021,010295984,2,90,electric scooter
2021010295986,2021,010295986,2,90,electric scooter
2021010295992,2021,010295992,2,90,electric scooter
2021010296002,2021,010296002,2,90,electric scooter
2021010296099,2021,010296099,1,90,electric scooter
2021010296170,2021,010296170,2,90,electric scooter
2021010296455,2021,010296455,2,90,electric scooter
2021010296528,2021,010296528,1,90,electric scooter
2021010296554,2021,010296554,2,90,electric scooter
2021010296725,2021,010296725,2,90,electric scooter
2021010297042,2021,010297042,2,90,electric scooter
2021010297191,2021,010297191,2,90,electric scooter
2021010297214,2021,010297214,2,90,electric scooter
2021010297296,2021,010297296,2,90,electric scooter
2021010297307,2021,010297307,2,90,electric scooter
2021010297436,2021,010297436,2,90,electric scooter
2021010297458,2021,010297458,1,90,electric scooter
2021010297535,2021,010297535,1,90,electric scooter
2021010297652,2021,010297652,1,90,electric scooter
2021010297654,2021,010297654,1,90,electric scooter
2021010297786,2021,010297786,2,90,electric scooter
2021010297831,2021,010297831,1,90,electric scooter
2021010297936,2021,010297936,1,90,electric scooter
2021010298033,2021,010298033,2,90,electric scooter
2021010298169,2021,010298169,1,90,electric scooter
2021010298179,2021,010298179,2,90,electric scooter
2021010298212,2021,010298212,2,90,electric scooter
2021010298239,2021,010298239,2,90,electric scooter
2021010298450,2021,010298450,2,90,electric scooter
2021010298474,2021,010298474,2,90,electric scooter
2021010298760,2021,010298760,2,90,electric scooter
2021010298787,2021,010298787,2,90,electric scooter
2021010298798,2021,010298798,2,90,electric scooter
2021010298843,2021,010298843,2,90,electric scooter
2021010298858,2021,010298858,2,90,electric scooter
2021010299040,2021,010299040,2,90,electric scooter
2021010299269,2021,010299269,1,90,electric scooter
2021010299334,2021,010299334,2,90,electric scooter
2021010299581,2021,010299581,2,90,electric scooter
2021010299587,2021,010299587,1,90,electric scooter
2021010299713,2021,010299713,1,90,electric scooter
2021010299933,2021,010299933,2,90,electric scooter
2021010300039,2021,010300039,2,90,electric scooter
2021010300335,2021,010300335,2,90,electric scooter
2021010300341,2021,010300341,2,90,electric scooter
2021010300469,2021,010300469,2,90,electric scooter
2021010300849,2021,010300849,2,90,electric scooter
2021010301470,2021,010301470,2,90,electric scooter
2021010302025,2021,010302025,1,90,electric scooter
2021010302030,2021,010302030,2,90,electric scooter
2021010302058,2021,010302058,1,90,electric scooter
2021010302118,2021,010302118,2,90,electric scooter
2021010302194,2021,010302194,2,90,electric scooter
2021010302203,2021,010302203,1,90,electric scooter
2021010302208,2021,010302208,2,90,electric scooter
2021010302574,2021,010302574,2,90,electric scooter
2021010302590,2021,010302590,1,90,electric scooter
2021010302632,2021,010302632,2,90,electric scooter
2021010302726,2021,010302726,2,90,electric scooter
2021010302797,2021,010302797,2,90,electric scooter
2021010302971,2021,010302971,2,90,electric scooter
2021010302999,2021,010302999,1,90,electric scooter
2021010303151,2021,010303151,2,90,electric scooter
2021010303341,2021,010303341,2,90,electric scooter
2021010303360,2021,010303360,2,90,electric scooter
2021010303365,2021,010303365,2,90,electric scooter
2021010303374,2021,010303374,1,90,electric scooter
2021010303396,2021,010303396,2,90,electric scooter
2021010303433,2021,010303433,2,90,electric scooter
2021010303598,2021,010303598,2,90,electric scooter
2021010303606,2021,010303606,2,90,electric scooter
2021010303626,2021,010303626,2,90,electric scooter
2021010303720,2021,010303720,2,90,electric scooter
2021010303757,2021,010303757,1,90,electric scooter
2021010303842,2021,010303842,2,90,electric scooter
2021010303916,2021,010303916,2,90,electric scooter
2021010304010,2021,010304010,2,90,electric scooter
2021010304028,2021,010304028,2,90,electric scooter
2021010304062,2021,010304062,2,90,electric scooter
2021010304217,2021,010304217,2,90,electric scooter
2021010304309,2021,010304309,1,90,electric scooter
2021010304372,2021,010304372,2,90,electric scooter
2021010304487,2021,010304487,2,90,electric scooter
2021010304502,2021,010304502,2,90,electric scooter
2021010304556,2021,010304556,2,90,electric scooter
2021010304853,2021,010304853,2,90,electric scooter
2021010304947,2021,010304947,1,90,electric scooter
2021010304967,2021,010304967,2,90,electric scooter
2021010304989,2021,010304989,2,90,electric scooter
2021010305003,2021,010305003,1,90,electric scooter
2021010305088,2021,010305088,1,90,electric scooter
2021010305335,2021,010305335,1,90,electric scooter
2021010305386,2021,010305386,1,90,electric scooter
2021010305391,2021,010305391,1,90,electric scooter
2021010305396,2021,010305396,1,90,electric scooter
2021010305402,2021,010305402,2,90,electric scooter
2021010305403,2021,010305403,1,90,electric scooter
2021010305447,2021,010305447,2,90,electric scooter
2021010305488,2021,010305488,2,90,electric scooter
2021010305655,2021,010305655,2,90,electric scooter
2021010305659,2021,010305659,1,90,electric scooter
2021010305757,2021,010305757,2,90,electric scooter
2021010305856,2021,010305856,2,90,electric scooter
2021010305979,2021,010305979,1,90,electric scooter
2021010306208,2021,010306208,2,90,electric scooter
2021010306314,2021,010306314,2,90,electric scooter
2021010306380,2021,010306380,1,90,electric scooter
2021010306684,2021,010306684,2,90,electric scooter
2021010306707,2021,010306707,2,90,electric scooter
2021010306742,2021,010306742,2,90,electric scooter
2021010306760,2021,010306760,2,90,electric scooter
2021010306850,2021,010306850,1,90,electric scooter
2021010306946,2021,010306946,2,90,electric scooter
2021010306964,2021,010306964,2,90,electric scooter
2021010307033,2021,010307033,2,90,electric scooter
2021010307144,2021,010307144,2,90,electric scooter
2021010307218,2021,010307218,2,90,electric scooter
2021010307293,2021,010307293,2,90,electric scooter
2021010307454,2021,010307454,2,90,electric scooter
2021010307591,2021,010307591,1,90,electric scooter
2021010307685,2021,010307685,2,90,electric scooter
2021010307809,2021,010307809,1,90,electric scooter
2021010308051,2021,010308051,1,90,electric scooter
2021010308085,2021,010308085,2,90,electric scooter
2021010308211,2021,010308211,2,90,electric scooter
2021010308238,2021,010308238,1,90,electric scooter
2021010308276,2021,010308276,2,90,electric scooter
2021010308490,2021,010308490,2,90,electric scooter
2021010308737,2021,010308737,2,90,electric scooter
2021010308743,2021,010308743,2,90,electric scooter
2021010308880,2021,010308880,2,90,electric scooter
2021010308909,2021,010308909,1,90,electric scooter
2021010308990,2021,010308990,2,90,electric scooter
2021010309084,2021,010309084,1,90,electric scooter
2021010309101,2021,010309101,1,90,electric scooter
2021010309129,2021,010309129,2,90,electric scooter
2021010309157,2021,010309157,2,90,electric scooter
2021010309210,2021,010309210,1,90,electric scooter
2021010309210,2021,010309210,2,90,electric scooter
2021010309399,2021,010309399,3,90,electric scooter
2021010309484,2021,010309484,1,90,electric scooter
2021010309953,2021,010309953,2,90,electric scooter
2021010310040,2021,010310040,2,90,electric scooter
2021010310383,2021,010310383,1,90,electric scooter
2021010310460,2021,010310460,2,90,electric scooter
2021010310630,2021,010310630,1,90,electric scooter
2021010310652,2021,010310652,2,90,electric scooter
2021010310705,2021,010310705,2,90,electric scooter
2021010310775,2021,010310775,1,90,electric scooter
2021010310784,2021,010310784,2,90,electric scooter
2021010310908,2021,010310908,2,90,electric scooter
2021010310957,2021,010310957,2,90,electric scooter
2021010311122,2021,010311122,2,90,electric scooter
2021010311158,2021,010311158,2,90,electric scooter
2021010311393,2021,010311393,1,90,electric scooter
2021010311458,2021,010311458,2,90,electric scooter
2021010311511,2021,010311511,2,90,electric scooter
2021010311610,2021,010311610,2,90,electric scooter
2021010311801,2021,010311801,1,90,electric scooter
2021010311859,2021,010311859,2,90,electric scooter
2021010311943,2021,010311943,1,90,electric scooter
2021010312129,2021,010312129,2,90,electric scooter
2021010312362,2021,010312362,2,90,electric scooter
2021010312375,2021,010312375,1,90,electric scooter
2021010312414,2021,010312414,2,90,electric scooter
2021010312581,2021,010312581,1,90,electric scooter
2021010312734,2021,010312734,2,90,electric scooter
2021010312878,2021,010312878,2,90,electric scooter
2021010312982,2021,010312982,2,90,electric scooter
2021010313043,2021,010313043,1,90,electric scooter
2021010313114,2021,010313114,2,90,electric scooter
2021010313230,2021,010313230,2,90,electric scooter
2021010313260,2021,010313260,2,90,electric scooter
2021010313270,2021,010313270,2,90,electric scooter
2021010313323,2021,010313323,2,90,electric scooter
2021010313363,2021,010313363,1,90,electric scooter
2021010313368,2021,010313368,2,90,electric scooter
2021010313388,2021,010313388,1,90,electric scooter
2021010313515,2021,010313515,2,90,electric scooter
2021010313659,2021,010313659,1,90,electric scooter
2021010313674,2021,010313674,1,90,electric scooter
2021010313799,2021,010313799,2,90,electric scooter
2021010314087,2021,010314087,2,90,electric scooter
2021010314239,2021,010314239,2,90,electric scooter
2021010314315,2021,010314315,2,90,electric scooter
2021010314345,2021,010314345,2,90,electric scooter
2021010314410,2021,010314410,2,90,electric scooter
2021010314467,2021,010314467,1,90,electric scooter
2021010314519,2021,010314519,2,90,electric scooter
2021010314522,2021,010314522,2,90,electric scooter
2021010314653,2021,010314653,1,90,electric scooter
2021010314803,2021,010314803,2,90,electric scooter
2021010314953,2021,010314953,1,90,electric scooter
2021010315119,2021,010315119,2,90,electric scooter
2021010315190,2021,010315190,2,90,electric scooter
2021010315323,2021,010315323,1,90,electric scooter
2021010315395,2021,010315395,1,90,electric scooter
2021010315618,2021,010315618,1,90,electric scooter
2021010315620,2021,010315620,1,90,electric scooter
2021010315924,2021,010315924,2,90,electric scooter
2021010315949,2021,010315949,2,90,electric scooter
2021010316249,2021,010316249,1,90,electric scooter
2021010316442,2021,010316442,1,90,electric scooter
2021010316596,2021,010316596,2,90,electric scooter
2021010316604,2021,010316604,1,90,electric scooter
2021010316666,2021,010316666,2,90,electric scooter
2021010316914,2021,010316914,2,90,electric scooter
2021010317038,2021,010317038,2,90,electric scooter
2021010317047,2021,010317047,2,90,electric scooter
2021010317054,2021,010317054,2,90,electric scooter
2021010317070,2021,010317070,1,90,electric scooter
2021010317194,2021,010317194,1,90,electric scooter
2021010317273,2021,010317273,2,90,electric scooter
2021010317349,2021,010317349,2,90,electric scooter
2021010317405,2021,010317405,2,90,electric scooter
2021010317491,2021,010317491,1,90,electric scooter
2021010317508,2021,010317508,1,90,electric scooter
2021010317515,2021,010317515,2,90,electric scooter
2021010317735,2021,010317735,1,90,electric scooter
2021010317977,2021,010317977,2,90,electric scooter
2021010318011,2021,010318011,1,90,electric scooter
2021010318018,2021,010318018,2,90,electric scooter
2021010318097,2021,010318097,2,90,electric scooter
2021010318115,2021,010318115,1,90,electric scooter
2021010318333,2021,010318333,1,90,electric scooter
2021010318443,2021,010318443,1,90,electric scooter
2021010318517,2021,010318517,2,90,electric scooter
2021010318522,2021,010318522,2,90,electric scooter
2021010318593,2021,010318593,2,90,electric scooter
2021010318617,2021,010318617,2,90,electric scooter
2021010318749,2021,010318749,2,90,electric scooter
2021010318885,2021,010318885,2,90,electric scooter
2021010319086,2021,010319086,2,90,electric scooter
2021010319132,2021,010319132,2,90,electric scooter
2021010319157,2021,010319157,2,90,electric scooter
2021010319210,2021,010319210,2,90,electric scooter
2021010319260,2021,010319260,1,90,electric scooter
2021010319310,2021,010319310,2,90,electric scooter
2021010319387,2021,010319387,2,90,electric scooter
2021010319428,2021,010319428,2,90,electric scooter
2021010319446,2021,010319446,1,90,electric scooter
2021010319587,2021,010319587,2,90,electric scooter
2021010319631,2021,010319631,1,90,electric scooter
2021010319930,2021,010319930,2,90,electric scooter
2021010319945,2021,010319945,2,90,electric scooter
2021010319959,2021,010319959,1,90,electric scooter
2021010320039,2021,010320039,1,90,electric scooter
2021010320093,2021,010320093,2,90,electric scooter
2021010320296,2021,010320296,1,90,electric scooter
2021010320328,2021,010320328,2,90,electric scooter
2021010320345,2021,010320345,2,90,electric scooter
2021010320384,2021,010320384,2,90,electric scooter
2021010320503,2021,010320503,1,90,electric scooter
2021010320541,2021,010320541,2,90,electric scooter
2021010320644,2021,010320644,1,90,electric scooter
2021010320730,2021,010320730,2,90,electric scooter
2021010320908,2021,010320908,1,90,electric scooter
2021010321132,2021,010321132,2,90,electric scooter
2021010321231,2021,010321231,1,90,electric scooter
2021010321465,2021,010321465,1,90,electric scooter
2021010321524,2021,010321524,3,90,electric scooter
2021010321677,2021,010321677,2,90,electric scooter
2021010321958,2021,010321958,1,90,electric scooter
2021010322196,2021,010322196,1,90,electric scooter
2021010322205,2021,010322205,2,90,electric scooter
2021010322512,2021,010322512,2,90,electric scooter
2021010322524,2021,010322524,2,90,electric scooter
2021010322675,2021,010322675,3,90,electric scooter
2021010322832,2021,010322832,1,90,electric scooter
2021010322854,2021,010322854,2,90,electric scooter
2021010322871,2021,010322871,2,90,electric scooter
2021010322992,2021,010322992,2,90,electric scooter
2021010323026,2021,010323026,2,90,electric scooter
2021010323408,2021,010323408,1,90,electric scooter
2021010323452,2021,010323452,1,90,electric scooter
2021010323671,2021,010323671,2,90,electric scooter
2021010323964,2021,010323964,1,90,electric scooter
2021010324167,2021,010324167,2,90,electric scooter
2021010324337,2021,010324337,1,90,electric scooter
2021010324359,2021,010324359,1,90,electric scooter
2021010324379,2021,010324379,1,90,electric scooter
2021010324381,2021,010324381,2,90,electric scooter
2021010324385,2021,010324385,2,90,electric scooter
2021010324654,2021,010324654,2,90,electric scooter
2021010324907,2021,010324907,2,90,electric scooter
2021010324926,2021,010324926,2,90,electric scooter
2021010325826,2021,010325826,1,90,electric scooter
2021010326034,2021,010326034,2,90,electric scooter
2021010326060,2021,010326060,1,90,electric scooter
2021010326060,2021,010326060,2,90,electric scooter
2021010326062,2021,010326062,1,90,electric scooter
2021010326083,2021,010326083,1,90,electric scooter
2021010326928,2021,010326928,1,90,electric scooter
2021010327363,2021,010327363,2,90,electric scooter
2021010327460,2021,010327460,1,90,electric scooter
2021010327572,2021,010327572,1,90,electric scooter
2021010328101,2021,010328101,2,90,electric scooter
2021010328282,2021,010328282,1,90,electric scooter
2021010328319,2021,010328319,2,90,electric scooter
2021010328391,2021,010328391,2,90,electric scooter
2021010328601,2021,010328601,2,90,electric scooter
2021010328633,2021,010328633,1,90,electric scooter
2021010328653,2021,010328653,1,90,electric scooter
2021010328826,2021,010328826,2,90,electric scooter
2021010328908,2021,010328908,2,90,electric scooter
2021010328984,2021,010328984,1,90,electric scooter
2021010329116,2021,010329116,2,90,electric scooter
2021010329292,2021,010329292,2,90,electric scooter
2021010329322,2021,010329322,2,90,electric scooter
2021010329563,2021,010329563,1,90,electric scooter
2021010329707,2021,010329707,2,90,electric scooter
2021010329726,2021,010329726,2,90,electric scooter
2021010329752,2021,010329752,2,90,electric scooter
2021010329800,2021,010329800,2,90,electric scooter
2021010329855,2021,010329855,2,90,electric scooter
2021010329871,2021,010329871,1,90,electric scooter
2021010330021,2021,010330021,1,90,electric scooter
2021010330044,2021,010330044,2,90,electric scooter
2021010330080,2021,010330080,2,90,electric scooter
2021010330157,2021,010330157,2,90,electric scooter
2021010330328,2021,010330328,2,90,electric scooter
2021010330626,2021,010330626,2,90,electric scooter
2021010330632,2021,010330632,1,90,electric scooter
2021010330799,2021,010330799,2,90,electric scooter
2021010331154,2021,010331154,2,90,electric scooter
2021010331202,2021,010331202,2,90,electric scooter
2021010331493,2021,010331493,1,90,electric scooter
2021010331589,2021,010331589,2,90,electric scooter
2021010331702,2021,010331702,1,90,electric scooter
2021010331722,2021,010331722,2,90,electric scooter
2021010331896,2021,010331896,2,90,electric scooter
2021010331908,2021,010331908,2,90,electric scooter
2021010332044,2021,010332044,2,90,electric scooter
2021010332242,2021,010332242,2,90,electric scooter
2021010332410,2021,010332410,2,90,electric scooter
2021010332440,2021,010332440,1,90,electric scooter
2021010332518,2021,010332518,1,90,electric scooter
2021010332564,2021,010332564,2,90,electric scooter
2021010332573,2021,010332573,1,90,electric scooter
2021010332807,2021,010332807,2,90,electric scooter
2021010333507,2021,010333507,1,90,electric scooter
2021010333719,2021,010333719,2,90,electric scooter
2021010333749,2021,010333749,2,90,electric scooter
2021010333913,2021,010333913,1,90,electric scooter
2021010334548,2021,010334548,2,90,electric scooter
2021010335186,2021,010335186,1,90,electric scooter
2021010335206,2021,010335206,1,90,electric scooter
2021010335218,2021,010335218,2,90,electric scooter
2021010335274,2021,010335274,1,90,electric scooter
2021010335450,2021,010335450,2,90,electric scooter
2021010335484,2021,010335484,2,90,electric scooter
2021010335588,2021,010335588,1,90,electric scooter
2021010335666,2021,010335666,2,90,electric scooter
2021010335893,2021,010335893,2,90,electric scooter
2021010335920,2021,010335920,1,90,electric scooter
2021010336035,2021,010336035,2,90,electric scooter
2021010336223,2021,010336223,2,90,electric scooter
2021010336406,2021,010336406,1,90,electric scooter
2021010337127,2021,010337127,2,90,electric scooter
2021010337225,2021,010337225,2,90,electric scooter
2021010337299,2021,010337299,1,90,electric scooter
2021010337328,2021,010337328,2,90,electric scooter
2021010337423,2021,010337423,2,90,electric scooter
2021010337637,2021,010337637,2,90,electric scooter
2021010337781,2021,010337781,2,90,electric scooter
2021010337860,2021,010337860,2,90,electric scooter
2021010338408,2021,010338408,2,90,electric scooter
2021010338468,2021,010338468,2,90,electric scooter
2021010338591,2021,010338591,1,90,electric scooter
2021010338614,2021,010338614,1,90,electric scooter
2021010338965,2021,010338965,2,90,electric scooter
2021010339106,2021,010339106,2,90,electric scooter
2021010339190,2021,010339190,2,90,electric scooter
2021010339380,2021,010339380,2,90,electric scooter
2021010339517,2021,010339517,1,90,electric scooter
2021010339564,2021,010339564,2,90,electric scooter
2021010339722,2021,010339722,1,90,electric scooter
2021010339906,2021,010339906,2,90,electric scooter
2021010340243,2021,010340243,2,90,electric scooter
2021010340301,2021,010340301,2,90,electric scooter
2021010340709,2021,010340709,1,90,electric scooter
2021010340716,2021,010340716,1,90,electric scooter
2021010341148,2021,010341148,2,90,electric scooter
2021010341213,2021,010341213,2,90,electric scooter
2021010341327,2021,010341327,2,90,electric scooter
2021010341435,2021,010341435,2,90,electric scooter
2021010341454,2021,010341454,1,90,electric scooter
2021010341883,2021,010341883,1,90,electric scooter
2021010342091,2021,010342091,2,90,electric scooter
2021010342132,2021,010342132,1,90,electric scooter
2021010342715,2021,010342715,1,90,electric scooter
2021010342726,2021,010342726,2,90,electric scooter
2021010342802,2021,010342802,2,90,electric scooter
2021010342849,2021,010342849,2,90,electric scooter
2021010342889,2021,010342889,2,90,electric scooter
2021010343212,2021,010343212,1,90,electric scooter
2021010343234,2021,010343234,1,90,electric scooter
2021010343340,2021,010343340,2,90,electric scooter
2021010343707,2021,010343707,2,90,electric scooter
2021010344132,2021,010344132,1,90,electric scooter
2021010344173,2021,010344173,2,90,electric scooter
2021010344372,2021,010344372,2,90,electric scooter
2021010344398,2021,010344398,2,90,electric scooter
2021010344590,2021,010344590,2,90,electric scooter
2021010344591,2021,010344591,2,90,electric scooter
2021010344735,2021,010344735,1,90,electric scooter
2021010344777,2021,010344777,1,90,electric scooter
2021010344850,2021,010344850,2,90,electric scooter
2021010344856,2021,010344856,2,90,electric scooter
2021010344954,2021,010344954,1,90,electric scooter
2021010345143,2021,010345143,2,90,electric scooter
2021010345148,2021,010345148,2,90,electric scooter
2021010345333,2021,010345333,1,90,electric scooter
2021010345371,2021,010345371,1,90,electric scooter
2021010345617,2021,010345617,2,90,electric scooter
2021010345808,2021,010345808,1,90,electric scooter
2021010345889,2021,010345889,2,90,electric scooter
2021010346122,2021,010346122,2,90,electric scooter
2021010346357,2021,010346357,1,90,electric scooter
2021010346377,2021,010346377,2,90,electric scooter
2021010346654,2021,010346654,2,90,electric scooter
2021010346754,2021,010346754,2,90,electric scooter
2021010346832,2021,010346832,2,90,electric scooter
2021010347414,2021,010347414,1,90,electric scooter
2021010347414,2021,010347414,2,90,electric scooter
2021010347831,2021,010347831,2,90,electric scooter
2021010347929,2021,010347929,1,90,electric scooter
2021010348028,2021,010348028,1,90,electric scooter
2021010348394,2021,010348394,1,90,electric scooter
2021010348460,2021,010348460,2,90,electric scooter
2021010348462,2021,010348462,1,90,electric scooter
2021010348659,2021,010348659,1,90,electric scooter
2021010348936,2021,010348936,1,90,electric scooter
2021010349125,2021,010349125,2,90,electric scooter
2021010349136,2021,010349136,2,90,electric scooter
2021010349429,2021,010349429,1,90,electric scooter
2021010349579,2021,010349579,1,90,electric scooter
2021010349788,2021,010349788,1,90,electric scooter
2021010350116,2021,010350116,1,90,electric scooter
2021010350825,2021,010350825,2,90,electric scooter
2021010351519,2021,010351519,2,90,electric scooter
2021010351548,2021,010351548,2,90,electric scooter
2021010351757,2021,010351757,1,90,electric scooter
2021010351764,2021,010351764,2,90,electric scooter
2021010351988,2021,010351988,2,90,electric scooter
2021010352038,2021,010352038,2,90,electric scooter
2021010352066,2021,010352066,2,90,electric scooter
2021010352226,2021,010352226,2,90,electric scooter
2021010352339,2021,010352339,2,90,electric scooter
2021010352414,2021,010352414,1,90,electric scooter
2021031015290,2021,031015290,2,90,electric scooter
2021031080805,2021,031080805,1,90,electric scooter
2021031136662,2021,031136662,1,90,electric scooter
2021041015095,2021,041015095,1,90,electric scooter
2021041020996,2021,041020996,2,90,electric scooter
2021041038664,2021,041038664,1,90,electric scooter
2021041038792,2021,041038792,1,90,electric scooter
2021041042114,2021,041042114,1,90,electric scooter
2021041043717,2021,041043717,1,90,electric scooter
2021041051544,2021,041051544,1,90,electric scooter
2021041052930,2021,041052930,2,90,electric scooter
2021041059071,2021,041059071,1,90,electric scooter
2021041062800,2021,041062800,1,90,electric scooter
2021041073277,2021,041073277,1,90,electric scooter
2021041073454,2021,041073454,2,90,electric scooter
2021041090160,2021,041090160,2,90,electric scooter
2021041100520,2021,041100520,1,90,electric scooter
2021041147290,2021,041147290,2,90,electric scooter
2021041196323,2021,041196323,1,90,electric scooter
2021052100349,2021,052100349,2,90,electric scooter
2021052100452,2021,052100452,2,90,electric scooter
2021052100461,2021,052100461,1,90,electric scooter
2021052100494,2021,052100494,1,90,electric scooter
2021052100648,2021,052100648,1,90,electric scooter
2021052100667,2021,052100667,1,90,electric scooter
2021052100668,2021,052100668,1,90,electric scooter
2021052100719,2021,052100719,1,90,electric scooter
2021052100726,2021,052100726,1,90,electric scooter
2021052100748,2021,052100748,2,90,electric scooter
2021052100766,2021,052100766,2,90,electric scooter
2021052100788,2021,052100788,1,90,electric scooter
2021052100853,2021,052100853,1,90,electric scooter
2021052100862,2021,052100862,1,90,electric scooter
2021052100881,2021,052100881,1,90,electric scooter
2021052100950,2021,052100950,1,90,electric scooter
2021052100958,2021,052100958,1,90,electric scooter
2021052101004,2021,052101004,1,90,electric scooter
2021052101006,2021,052101006,1,90,electric scooter
2021052101009,2021,052101009,2,90,electric scooter
2021052101027,2021,052101027,1,90,electric scooter
2021052101037,2021,052101037,1,90,electric scooter
2021052101085,2021,052101085,1,90,electric scooter
2021052101126,2021,052101126,2,90,electric scooter
2021052101131,2021,052101131,2,90,electric scooter
2021052101153,2021,052101153,1,90,electric scooter
2021052101192,2021,052101192,1,90,electric scooter
2021052101213,2021,052101213,1,90,electric scooter
2021052101220,2021,052101220,1,90,electric scooter
2021052101249,2021,052101249,2,90,electric scooter
2021052101298,2021,052101298,1,90,electric scooter
2021052101339,2021,052101339,1,90,electric scooter
2021052101366,2021,052101366,1,90,electric scooter
2021052101449,2021,052101449,1,90,electric scooter
2021052101503,2021,052101503,1,90,electric scooter
2021052101510,2021,052101510,1,90,electric scooter
2021052101550,2021,052101550,2,90,electric scooter
2021052101555,2021,052101555,1,90,electric scooter
2021052101588,2021,052101588,1,90,electric scooter
2021052101650,2021,052101650,1,90,electric scooter
2021052101713,2021,052101713,1,90,electric scooter
2021052101755,2021,052101755,1,90,electric scooter
2021052101761,2021,052101761,1,90,electric scooter
2021052101875,2021,052101875,2,90,electric scooter
2021052101923,2021,052101923,1,90,electric scooter
2021052101995,2021,052101995,1,90,electric scooter
2021052102020,2021,052102020,2,90,electric scooter
2021052102029,2021,052102029,2,90,electric scooter
2021052102039,2021,052102039,2,90,electric scooter
2021052102094,2021,052102094,2,90,electric scooter
2021052102110,2021,052102110,2,90,electric scooter
2021052102117,2021,052102117,1,90,electric scooter
2021052102230,2021,052102230,1,90,electric scooter
2021052102242,2021,052102242,1,90,electric scooter
2021052102265,2021,052102265,1,90,electric scooter
2021052102277,2021,052102277,2,90,electric scooter
2021052102284,2021,052102284,2,90,electric scooter
2021052102393,2021,052102393,1,90,electric scooter
2021052102445,2021,052102445,1,90,electric scooter
2021052102487,2021,052102487,1,90,electric scooter
2021052102534,2021,052102534,1,90,electric scooter
2021052102637,2021,052102637,1,90,electric scooter
2021052102663,2021,052102663,2,90,electric scooter
2021052102705,2021,052102705,1,90,electric scooter
2021052102707,2021,052102707,2,90,electric scooter
2021052102824,2021,052102824,1,90,electric scooter
2021052102898,2021,052102898,1,90,electric scooter
2021061027026,2021,061027026,1,90,electric scooter
2021061040580,2021,061040580,2,90,electric scooter
2021061043411,2021,061043411,1,90,electric scooter
2021061043420,2021,061043420,2,90,electric scooter
2021061047836,2021,061047836,2,90,electric scooter
2021061050259,2021,061050259,2,90,electric scooter
2021061069368,2021,061069368,1,90,electric scooter
2021061069549,2021,061069549,1,90,electric scooter
2021061079592,2021,061079592,1,90,electric scooter
2021061087495,2021,061087495,1,90,electric scooter
2021061095801,2021,061095801,2,90,electric scooter
2021061102669,2021,061102669,1,90,electric scooter
2021061109595,2021,061109595,2,90,electric scooter
2021061110354,2021,061110354,2,90,electric scooter
2021061111896,2021,061111896,1,90,electric scooter
2021061112166,2021,061112166,2,90,electric scooter
2021061114858,2021,061114858,2,90,electric scooter
2021061117445,2021,061117445,1,90,electric scooter
2021061120513,2021,061120513,1,90,electric scooter
2021061164718,2021,061164718,2,90,electric scooter
2021070307414,2021,070307414,1,90,electric scooter
2021070341563,2021,070341563,1,90,electric scooter
2021070511538,2021,070511538,1,90,electric scooter
2021070808175,2021,070808175,1,90,electric scooter
2021101019648,2021,101019648,1,90,electric scooter
2021101033007,2021,101033007,1,90,electric scooter
2021101039967,2021,101039967,1,90,electric scooter
2021101041287,2021,101041287,1,90,electric scooter
2021101045405,2021,101045405,1,90,electric scooter
2021101052895,2021,101052895,1,90,electric scooter
2021101055229,2021,101055229,2,90,electric scooter
2021101055737,2021,101055737,1,90,electric scooter
2021101057507,2021,101057507,1,90,electric scooter
2021101064799,2021,101064799,1,90,electric scooter
2021101074405,2021,101074405,1,90,electric scooter
2021101074672,2021,101074672,2,90,electric scooter
2021101091938,2021,101091938,1,90,electric scooter
2021101091938,2021,101091938,2,90,electric scooter
2021101096473,2021,101096473,1,90,electric scooter
2021101111216,2021,101111216,2,90,electric scooter
2021122100704,2021,122100704,1,90,electric scooter
2021122101214,2021,122101214,1,90,electric scooter
2021122101223,2021,122101223,2,90,electric scooter
2021122101362,2021,122101362,2,90,electric scooter
2021131032739,2021,131032739,1,90,electric scooter
2021138130789,2021,138130789,2,90,electric scooter
2021141037390,2021,141037390,2,90,electric scooter
2021141038763,2021,141038763,2,90,electric scooter
2021141056562,2021,141056562,2,90,electric scooter
2021141080880,2021,141080880,2,90,electric scooter
2021141088716,2021,141088716,1,90,electric scooter
2021141091202,2021,141091202,2,90,electric scooter
2021141097768,2021,141097768,2,90,electric scooter
2021141100417,2021,141100417,2,90,electric scooter
2021141104264,2021,141104264,2,90,electric scooter
2021141124874,2021,141124874,2,90,electric scooter
2021161012915,2021,161012915,2,90,electric scooter
2021161032824,2021,161032824,1,90,electric scooter
2021161071857,2021,161071857,1,90,electric scooter
2021161096995,2021,161096995,1,90,electric scooter
2021161100229,2021,161100229,2,90,electric scooter
2021161107855,2021,161107855,1,90,electric scooter
2021161115500,2021,161115500,2,90,electric scooter
2021161116410,2021,161116410,1,90,electric scooter
2021161119251,2021,161119251,1,90,electric scooter
2021161126516,2021,161126516,1,90,electric scooter
2021170H11031,2021,170H11031,2,90,electric scooter
2021170M10161,2021,170M10161,1,90,electric scooter
2021170S11601,2021,170S11601,1,90,electric scooter
2021170S21871,2021,170S21871,1,90,electric scooter
2021201024998,2021,201024998,2,90,electric scooter
2021201031310,2021,201031310,1,90,electric scooter
2021201031437,2021,201031437,1,90,electric scooter
2021201041624,2021,201041624,1,90,electric scooter
2021201042887,2021,201042887,1,90,electric scooter
2021201056695,2021,201056695,2,90,electric scooter
2021201056730,2021,201056730,2,90,electric scooter
2021201057958,2021,201057958,2,90,electric scooter
2021201058408,2021,201058408,1,90,electric scooter
2021201058844,2021,201058844,1,90,electric scooter
2021201060164,2021,201060164,1,90,electric scooter
2021201060352,2021,201060352,1,90,electric scooter
2021201062179,2021,201062179,2,90,electric scooter
2021201065183,2021,201065183,2,90,electric scooter
2021201066574,2021,201066574,2,90,electric scooter
2021201070724,2021,201070724,2,90,electric scooter
2021201071381,2021,201071381,2,90,electric scooter
2021201073563,2021,201073563,1,90,electric scooter
2021201073601,2021,201073601,2,90,electric scooter
2021201073864,2021,201073864,1,90,electric scooter
2021201076490,2021,201076490,2,90,electric scooter
2021201077354,2021,201077354,1,90,electric scooter
2021201077354,2021,201077354,2,90,electric scooter
2021201079095,2021,201079095,1,90,electric scooter
2021201079095,2021,201079095,2,90,electric scooter
2021201079794,2021,201079794,1,90,electric scooter
2021201079906,2021,201079906,1,90,electric scooter
2021201082269,2021,201082269,2,90,electric scooter
2021201084214,2021,201084214,1,90,electric scooter
2021201084734,2021,201084734,1,90,electric scooter
2021201086293,2021,201086293,2,90,electric scooter
2021201086989,2021,201086989,2,90,electric scooter
2021201089539,2021,201089539,2,90,electric scooter
2021201095011,2021,201095011,1,90,electric scooter
2021201098050,2021,201098050,1,90,electric scooter
2021201098356,2021,201098356,2,90,electric scooter
2021201098993,2021,201098993,1,90,electric scooter
2021201099599,2021,201099599,2,90,electric scooter
2021201102545,2021,201102545,2,90,electric scooter
2021201107642,2021,201107642,2,90,electric scooter
2021201108875,2021,201108875,1,90,electric scooter
2021201110011,2021,201110011,1,90,electric scooter
2021201110411,2021,201110411,1,90,electric scooter
2021201110629,2021,201110629,2,90,electric scooter
2021201113759,2021,201113759,1,90,electric scooter
2021201115672,2021,201115672,3,90,electric scooter
2021201115731,2021,201115731,1,90,electric scooter
2021201116909,2021,201116909,1,90,electric scooter
2021201116997,2021,201116997,2,90,electric scooter
2021201117069,2021,201117069,1,90,electric scooter
2021201118829,2021,201118829,2,90,electric scooter
2021201118858,2021,201118858,1,90,electric scooter
2021201119181,2021,201119181,2,90,electric scooter
2021201124678,2021,201124678,2,90,electric scooter
2021201125693,2021,201125693,2,90,electric scooter
2021201127080,2021,201127080,1,90,electric scooter
2021201128628,2021,201128628,1,90,electric scooter
2021201132754,2021,201132754,2,90,electric scooter
2021201135777,2021,201135777,2,90,electric scooter
2021201138745,2021,201138745,1,90,electric scooter
2021201141444,2021,201141444,2,90,electric scooter
2021201141565,2021,201141565,2,90,electric scooter
2021201143966,2021,201143966,1,90,electric scooter
2021201144583,2021,201144583,2,90,electric scooter
2021201144796,2021,201144796,1,90,electric scooter
2021201145427,2021,201145427,2,90,electric scooter
2021201146351,2021,201146351,1,90,electric scooter
2021201146600,2021,201146600,1,90,electric scooter
2021211051139,2021,211051139,1,90,electric scooter
2021211066210,2021,211066210,2,90,electric scooter
2021221020545,2021,221020545,2,90,electric scooter
2021221022079,2021,221022079,1,90,electric scooter
2021231035418,2021,231035418,1,90,electric scooter
2021302100009,2021,302100009,1,90,electric scooter
2021302100117,2021,302100117,2,90,electric scooter
2021302100226,2021,302100226,2,90,electric scooter
2021302100233,2021,302100233,1,90,electric scooter
2021302100412,2021,302100412,1,90,electric scooter
2021302100425,2021,302100425,1,90,electric scooter
2021302100896,2021,302100896,2,90,electric scooter
2021302101032,2021,302101032,2,90,electric scooter
2021302101051,2021,302101051,1,90,electric scooter
2021302101075,2021,302101075,1,90,electric scooter
2021302101172,2021,302101172,2,90,electric scooter
2021302101232,2021,302101232,2,90,electric scooter
2021302101236,2021,302101236,1,90,electric scooter
2021302101556,2021,302101556,1,90,electric scooter
2021302101589,2021,302101589,2,90,electric scooter
2021302101589,2021,302101589,3,90,electric scooter
2021302101650,2021,302101650,1,90,electric scooter
2021302101773,2021,302101773,1,90,electric scooter
2021302101991,2021,302101991,2,90,electric scooter
202131A026321,2021,31A026321,1,90,electric scooter
202131A102321,2021,31A102321,1,90,electric scooter
202131A171821,2021,31A171821,1,90,electric scooter
202131A185321,2021,31A185321,1,90,electric scooter
202131A191821,2021,31A191821,1,90,electric scooter
202131C009221,2021,31C009221,2,90,electric scooter
202131C015921,2021,31C015921,1,90,electric scooter
202131C016721,2021,31C016721,2,90,electric scooter
202131C020421,2021,31C020421,2,90,electric scooter
202131C031021,2021,31C031021,1,90,electric scooter
202131C031021,2021,31C031021,2,90,electric scooter
202131C034621,2021,31C034621,2,90,electric scooter
202131C036521,2021,31C036521,1,90,electric scooter
202131C045821,2021,31C045821,2,90,electric scooter
202131C045921,2021,31C045921,2,90,electric scooter
202131C057021,2021,31C057021,1,90,electric scooter
202131C058521,2021,31C058521,1,90,electric scooter
202131C067721,2021,31C067721,2,90,electric scooter
202131C077521,2021,31C077521,1,90,electric scooter
202131C085921,2021,31C085921,2,90,electric scooter
202131C087021,2021,31C087021,2,90,electric scooter
202131C090821,2021,31C090821,2,90,electric scooter
202131C091921,2021,31C091921,1,90,electric scooter
202131C093021,2021,31C093021,1,90,electric scooter
202131C093521,2021,31C093521,1,90,electric scooter
202131C093621,2021,31C093621,1,90,electric scooter
202131C095621,2021,31C095621,1,90,electric scooter
202131C097821,2021,31C097821,1,90,electric scooter
202131C102821,2021,31C102821,2,90,electric scooter
202131C105221,2021,31C105221,1,90,electric scooter
202131C107021,2021,31C107021,2,90,electric scooter
202131C109221,2021,31C109221,1,90,electric scooter
202131C114021,2021,31C114021,1,90,electric scooter
202131C114721,2021,31C114721,1,90,electric scooter
202131C117221,2021,31C117221,2,90,electric scooter
202131C120421,2021,31C120421,2,90,electric scooter
202131C127621,2021,31C127621,1,90,electric scooter
202131C128021,2021,31C128021,1,90,electric scooter
202131C129021,2021,31C129021,1,90,electric scooter
202131C130321,2021,31C130321,1,90,electric scooter
202131C131221,2021,31C131221,2,90,electric scooter
202131C131521,2021,31C131521,1,90,electric scooter
202131C132721,2021,31C132721,2,90,electric scooter
202131C134521,2021,31C134521,1,90,electric scooter
202131C135521,2021,31C135521,1,90,electric scooter
202131C138821,2021,31C138821,1,90,electric scooter
202131C146721,2021,31C146721,2,90,electric scooter
202131C147121,2021,31C147121,2,90,electric scooter
202131C147921,2021,31C147921,1,90,electric scooter
202131C156221,2021,31C156221,2,90,electric scooter
202131C158021,2021,31C158021,1,90,electric scooter
202131C162021,2021,31C162021,1,90,electric scooter
202131C162221,2021,31C162221,1,90,electric scooter
202131C162321,2021,31C162321,1,90,electric scooter
202131C162621,2021,31C162621,1,90,electric scooter
202131C165621,2021,31C165621,1,90,electric scooter
202131C166221,2021,31C166221,1,90,electric scooter
202131C174821,2021,31C174821,1,90,electric scooter
202131C178421,2021,31C178421,2,90,electric scooter
202131C179021,2021,31C179021,1,90,electric scooter
202131C186821,2021,31C186821,1,90,electric scooter
202131C192221,2021,31C192221,2,90,electric scooter
202131C194921,2021,31C194921,1,90,electric scooter
202131C195121,2021,31C195121,1,90,electric scooter
202131C196121,2021,31C196121,2,90,electric scooter
202131D069321,2021,31D069321,2,90,electric scooter
202131D096821,2021,31D096821,1,90,electric scooter
202131D108821,2021,31D108821,1,90,electric scooter
202131D109921,2021,31D109921,1,90,electric scooter
202131D155221,2021,31D155221,1,90,electric scooter
2021332100100,2021,332100100,2,90,electric scooter
2021332100156,2021,332100156,2,90,electric scooter
2021332100217,2021,332100217,2,90,electric scooter
2021332100252,2021,332100252,1,90,electric scooter
2021332100253,2021,332100253,1,90,electric scooter
2021332100467,2021,332100467,2,90,electric scooter
2021332100482,2021,332100482,1,90,electric scooter
2021332100570,2021,332100570,1,90,electric scooter
2021332100586,2021,332100586,2,90,electric scooter
2021332100621,2021,332100621,1,90,electric scooter
2021332100921,2021,332100921,1,90,electric scooter
2021332100922,2021,332100922,2,90,electric scooter
2021332100947,2021,332100947,2,90,electric scooter
2021332101059,2021,332101059,2,90,electric scooter
2021332101556,2021,332101556,2,90,electric scooter
2021332101586,2021,332101586,2,90,electric scooter
202134NNC0331,2021,34NNC0331,1,90,electric scooter
202134NNC2461,2021,34NNC2461,1,90,electric scooter
202134NNC2541,2021,34NNC2541,1,90,electric scooter
202134NNC2611,2021,34NNC2611,1,90,electric scooter
202134NNC2751,2021,34NNC2751,1,90,electric scooter
202134NNC2921,2021,34NNC2921,1,90,electric scooter
202134NNC3661,2021,34NNC3661,2,90,electric scooter
202134NNC5041,2021,34NNC5041,2,90,electric scooter
202134NNC6151,2021,34NNC6151,2,90,electric scooter
202134NNC6231,2021,34NNC6231,2,90,electric scooter
202134NNC6421,2021,34NNC6421,2,90,electric scooter
202134WNC1531,2021,34WNC1531,1,90,electric scooter
202134WNC1571,2021,34WNC1571,1,90,electric scooter
202134WNC1861,2021,34WNC1861,2,90,electric scooter
202134WNC1971,2021,34WNC1971,2,90,electric scooter
202134WNC2031,2021,34WNC2031,1,90,electric scooter
202134WNC2101,2021,34WNC2101,1,90,electric scooter
202134WNC2281,2021,34WNC2281,1,90,electric scooter
202134WNC3401,2021,34WNC3401,1,90,electric scooter
202134WNC3811,2021,34WNC3811,1,90,electric scooter
202134WNC4171,2021,34WNC4171,1,90,electric scooter
202134WNC4481,2021,34WNC4481,1,90,electric scooter
202134WNC4621,2021,34WNC4621,1,90,electric scooter
202134WNC4681,2021,34WNC4681,1,90,electric scooter
202134WNC5111,2021,34WNC5111,2,90,electric scooter
202134WNC5451,2021,34WNC5451,1,90,electric scooter
202134WNC5491,2021,34WNC5491,1,90,electric scooter
202134WNC7001,2021,34WNC7001,2,90,electric scooter
202134WNC7541,2021,34WNC7541,2,90,electric scooter
202134WNC7581,2021,34WNC7581,1,90,electric scooter
202134WNC9151,2021,34WNC9151,1,90,electric scooter
2021351021943,2021,351021943,2,90,electric scooter
2021351028893,2021,351028893,2,90,electric scooter
2021351030661,2021,351030661,1,90,electric scooter
2021351038744,2021,351038744,1,90,electric scooter
2021351047250,2021,351047250,1,90,electric scooter
2021351059281,2021,351059281,1,90,electric scooter
2021351059606,2021,351059606,1,90,electric scooter
2021351063874,2021,351063874,1,90,electric scooter
2021351074267,2021,351074267,2,90,electric scooter
2021351086284,2021,351086284,1,90,electric scooter
2021351087080,2021,351087080,1,90,electric scooter
2021351095404,2021,351095404,2,90,electric scooter
2021351104669,2021,351104669,2,90,electric scooter
2021351105929,2021,351105929,1,90,electric scooter
2021351108829,2021,351108829,1,90,electric scooter
2021351109307,2021,351109307,1,90,electric scooter
2021351111139,2021,351111139,1,90,electric scooter
2021351111168,2021,351111168,1,90,electric scooter
2021351118875,2021,351118875,1,90,electric scooter
2021351130307,2021,351130307,2,90,electric scooter
2021351138227,2021,351138227,2,90,electric scooter
2021351148800,2021,351148800,1,90,electric scooter
2021351154248,2021,351154248,1,90,electric scooter
2021361033337,2021,361033337,1,90,electric scooter
2021361038107,2021,361038107,1,90,electric scooter
2021361046148,2021,361046148,2,90,electric scooter
2021361053615,2021,361053615,1,90,electric scooter
2021361055990,2021,361055990,2,90,electric scooter
2021361067557,2021,361067557,1,90,electric scooter
2021361075569,2021,361075569,1,90,electric scooter
2021361081444,2021,361081444,1,90,electric scooter
2021361095443,2021,361095443,1,90,electric scooter
2021361095598,2021,361095598,2,90,electric scooter
2021361095877,2021,361095877,1,90,electric scooter
2021361104534,2021,361104534,1,90,electric scooter
2021361108969,2021,361108969,1,90,electric scooter
2021361111842,2021,361111842,1,90,electric scooter
2021361119793,2021,361119793,1,90,electric scooter
2021361130597,2021,361130597,1,90,electric scooter
2021361134471,2021,361134471,1,90,electric scooter
2021361137490,2021,361137490,2,90,electric scooter
2021361140916,2021,361140916,2,90,electric scooter
2021361143239,2021,361143239,1,90,electric scooter
2021371080655,2021,371080655,1,90,electric scooter
2021371087204,2021,371087204,1,90,electric scooter
2021371099711,2021,371099711,1,90,electric scooter
2021371125462,2021,371125462,1,90,electric scooter
2021401033317,2021,401033317,1,90,electric scooter
2021401039926,2021,401039926,1,90,electric scooter
2021401042068,2021,401042068,1,90,electric scooter
2021401050912,2021,401050912,2,90,electric scooter
2021401051801,2021,401051801,1,90,electric scooter
2021401052876,2021,401052876,1,90,electric scooter
2021401057906,2021,401057906,2,90,electric scooter
2021401061754,2021,401061754,2,90,electric scooter
2021401066121,2021,401066121,2,90,electric scooter
2021401071806,2021,401071806,2,90,electric scooter
2021401095507,2021,401095507,1,90,electric scooter
2021401100187,2021,401100187,2,90,electric scooter
2021401104666,2021,401104666,2,90,electric scooter
2021401111100,2021,401111100,1,90,electric scooter
2021401119365,2021,401119365,1,90,electric scooter
2021411015923,2021,411015923,1,90,electric scooter
2021411018441,2021,411018441,1,90,electric scooter
2021411043497,2021,411043497,2,90,electric scooter
2021411043565,2021,411043565,2,90,electric scooter
2021411044376,2021,411044376,2,90,electric scooter
2021411044716,2021,411044716,1,90,electric scooter
2021411056309,2021,411056309,2,90,electric scooter
2021411066513,2021,411066513,1,90,electric scooter
2021411068878,2021,411068878,1,90,electric scooter
2021411073944,2021,411073944,2,90,electric scooter
2021411083238,2021,411083238,1,90,electric scooter
2021411088000,2021,411088000,2,90,electric scooter
2021411092614,2021,411092614,2,90,electric scooter
2021411095481,2021,411095481,2,90,electric scooter
2021411097745,2021,411097745,1,90,electric scooter
2021411101506,2021,411101506,2,90,electric scooter
2021411102140,2021,411102140,1,90,electric scooter
2021411105977,2021,411105977,2,90,electric scooter
2021411110136,2021,411110136,1,90,electric scooter
2021411115736,2021,411115736,1,90,electric scooter
2021411118723,2021,411118723,1,90,electric scooter
2021411129038,2021,411129038,1,90,electric scooter
2021421022876,2021,421022876,1,90,electric scooter
2021421029630,2021,421029630,2,90,electric scooter
2021421031085,2021,421031085,2,90,electric scooter
2021421031806,2021,421031806,1,90,electric scooter
2021421033908,2021,421033908,1,90,electric scooter
2021421035446,2021,421035446,1,90,electric scooter
2021421037077,2021,421037077,1,90,electric scooter
2021421039286,2021,421039286,1,90,electric scooter
2021421039858,2021,421039858,1,90,electric scooter
2021421040918,2021,421040918,1,90,electric scooter
2021421042317,2021,421042317,1,90,electric scooter
2021421044255,2021,421044255,1,90,electric scooter
2021421048542,2021,421048542,1,90,electric scooter
2021421048580,2021,421048580,1,90,electric scooter
2021421049027,2021,421049027,2,90,electric scooter
2021421049306,2021,421049306,2,90,electric scooter
2021421050501,2021,421050501,2,90,electric scooter
2021421052718,2021,421052718,2,90,electric scooter
2021421053968,2021,421053968,2,90,electric scooter
2021421063119,2021,421063119,2,90,electric scooter
2021421064980,2021,421064980,1,90,electric scooter
2021421068059,2021,421068059,1,90,electric scooter
2021421075286,2021,421075286,1,90,electric scooter
2021421075762,2021,421075762,1,90,electric scooter
2021421077853,2021,421077853,1,90,electric scooter
2021421080503,2021,421080503,1,90,electric scooter
2021421089208,2021,421089208,2,90,electric scooter
2021421090429,2021,421090429,1,90,electric scooter
2021421090860,2021,421090860,1,90,electric scooter
2021421090860,2021,421090860,2,90,electric scooter
2021421091740,2021,421091740,1,90,electric scooter
2021421092636,2021,421092636,1,90,electric scooter
2021421092767,2021,421092767,1,90,electric scooter
2021421100075,2021,421100075,1,90,electric scooter
2021421104332,2021,421104332,1,90,electric scooter
2021421107847,2021,421107847,1,90,electric scooter
2021421109601,2021,421109601,1,90,electric scooter
2021421110258,2021,421110258,1,90,electric scooter
2021421110772,2021,421110772,1,90,electric scooter
2021421114501,2021,421114501,2,90,electric scooter
2021421114797,2021,421114797,1,90,electric scooter
2021421114998,2021,421114998,1,90,electric scooter
2021421130493,2021,421130493,1,90,electric scooter
2021430026633,2021,430026633,1,90,electric scooter
2021430085478,2021,430085478,1,90,electric scooter
2021430099494,2021,430099494,2,90,electric scooter
2021430105512,2021,430105512,2,90,electric scooter
2021430163518,2021,430163518,2,90,electric scooter
2021430167901,2021,430167901,2,90,electric scooter
2021430172569,2021,430172569,1,90,electric scooter
2021430192588,2021,430192588,1,90,electric scooter
2021430196020,2021,430196020,1,90,electric scooter
2021430196204,2021,430196204,2,90,electric scooter
2021430235475,2021,430235475,1,90,electric scooter
2021430239172,2021,430239172,1,90,electric scooter
2021430253855,2021,430253855,2,90,electric scooter
2021430255453,2021,430255453,2,90,electric scooter
2021430257505,2021,430257505,1,90,electric scooter
2021430258727,2021,430258727,1,90,electric scooter
2021430263131,2021,430263131,2,90,electric scooter
2021430310795,2021,430310795,1,90,electric scooter
2021430323826,2021,430323826,1,90,electric scooter
2021430333363,2021,430333363,2,90,electric scooter
2021430344531,2021,430344531,2,90,electric scooter
2021430379071,2021,430379071,1,90,electric scooter
2021430409666,2021,430409666,1,90,electric scooter
2021430413046,2021,430413046,1,90,electric scooter
2021430418849,2021,430418849,2,90,electric scooter
2021430426510,2021,430426510,1,90,electric scooter
2021430428319,2021,430428319,2,90,electric scooter
2021430492553,2021,430492553,2,90,electric scooter
2021430503165,2021,430503165,1,90,electric scooter
2021430522698,2021,430522698,1,90,electric scooter
2021430526639,2021,430526639,1,90,electric scooter
2021430574164,2021,430574164,2,90,electric scooter
2021440020361,2021,440020361,2,90,electric scooter
2021440098199,2021,440098199,1,90,electric scooter
2021440098429,2021,440098429,1,90,electric scooter
2021440100335,2021,440100335,1,90,electric scooter
2021440100818,2021,440100818,1,90,electric scooter
2021440104107,2021,440104107,1,90,electric scooter
2021440104107,2021,440104107,2,90,electric scooter
2021440109327,2021,440109327,1,90,electric scooter
2021440119741,2021,440119741,1,90,electric scooter
2021440124278,2021,440124278,1,90,electric scooter
2021440126566,2021,440126566,1,90,electric scooter
2021440137725,2021,440137725,2,90,electric scooter
2021440154001,2021,440154001,1,90,electric scooter
2021440158761,2021,440158761,1,90,electric scooter
2021440167583,2021,440167583,3,90,electric scooter
2021440178332,2021,440178332,2,90,electric scooter
2021440198620,2021,440198620,1,90,electric scooter
2021440208144,2021,440208144,1,90,electric scooter
2021440217984,2021,440217984,2,90,electric scooter
2021440219602,2021,440219602,1,90,electric scooter
2021440221896,2021,440221896,1,90,electric scooter
2021440227928,2021,440227928,1,90,electric scooter
2021440230490,2021,440230490,1,90,electric scooter
2021440231897,2021,440231897,1,90,electric scooter
2021440245407,2021,440245407,1,90,electric scooter
2021440248920,2021,440248920,1,90,electric scooter
2021440261571,2021,440261571,2,90,electric scooter
2021440262346,2021,440262346,2,90,electric scooter
2021440267978,2021,440267978,1,90,electric scooter
2021440281022,2021,440281022,1,90,electric scooter
2021440282437,2021,440282437,1,90,electric scooter
2021440282440,2021,440282440,1,90,electric scooter
2021440285960,2021,440285960,2,90,electric scooter
2021440289097,2021,440289097,2,90,electric scooter
2021440296593,2021,440296593,2,90,electric scooter
2021440308029,2021,440308029,1,90,electric scooter
2021440321162,2021,440321162,2,90,electric scooter
2021440322630,2021,440322630,2,90,electric scooter
2021440330336,2021,440330336,1,90,electric scooter
2021440338041,2021,440338041,1,90,electric scooter
2021440342328,2021,440342328,1,90,electric scooter
2021440344783,2021,440344783,2,90,electric scooter
2021440354704,2021,440354704,1,90,electric scooter
2021440359381,2021,440359381,1,90,electric scooter
2021440361906,2021,440361906,1,90,electric scooter
2021440369757,2021,440369757,1,90,electric scooter
2021440376933,2021,440376933,1,90,electric scooter
2021440377564,2021,440377564,2,90,electric scooter
2021440383881,2021,440383881,1,90,electric scooter
2021440384769,2021,440384769,2,90,electric scooter
2021440385662,2021,440385662,1,90,electric scooter
2021440396279,2021,440396279,2,90,electric scooter
2021440412758,2021,440412758,1,90,electric scooter
2021440416941,2021,440416941,1,90,electric scooter
2021440424875,2021,440424875,1,90,electric scooter
2021440447577,2021,440447577,1,90,electric scooter
2021440473392,2021,440473392,1,90,electric scooter
2021440480131,2021,440480131,2,90,electric scooter
2021440480850,2021,440480850,1,90,electric scooter
2021440483480,2021,440483480,1,90,electric scooter
2021440489894,2021,440489894,1,90,electric scooter
2021440501628,2021,440501628,1,90,electric scooter
2021440513145,2021,440513145,1,90,electric scooter
2021440517005,2021,440517005,1,90,electric scooter
2021440518721,2021,440518721,1,90,electric scooter
2021451026586,2021,451026586,2,90,electric scooter
2021451031846,2021,451031846,1,90,electric scooter
2021451037607,2021,451037607,2,90,electric scooter
2021451057003,2021,451057003,1,90,electric scooter
2021451066736,2021,451066736,1,90,electric scooter
2021451068277,2021,451068277,1,90,electric scooter
2021451079887,2021,451079887,1,90,electric scooter
2021451084184,2021,451084184,2,90,electric scooter
2021451088269,2021,451088269,1,90,electric scooter
2021451119484,2021,451119484,1,90,electric scooter
2021451119773,2021,451119773,1,90,electric scooter
2021461017252,2021,461017252,1,90,electric scooter
2021461030540,2021,461030540,1,90,electric scooter
2021461031665,2021,461031665,2,90,electric scooter
2021461033935,2021,461033935,2,90,electric scooter
2021461033951,2021,461033951,2,90,electric scooter
2021461039489,2021,461039489,1,90,electric scooter
2021461040724,2021,461040724,2,90,electric scooter
2021461046657,2021,461046657,2,90,electric scooter
2021461046982,2021,461046982,3,90,electric scooter
2021461050818,2021,461050818,1,90,electric scooter
2021461059094,2021,461059094,1,90,electric scooter
2021461063105,2021,461063105,1,90,electric scooter
2021461064477,2021,461064477,1,90,electric scooter
2021461068323,2021,461068323,1,90,electric scooter
2021461070896,2021,461070896,1,90,electric scooter
2021461070906,2021,461070906,2,90,electric scooter
2021461077164,2021,461077164,1,90,electric scooter
2021461080226,2021,461080226,2,90,electric scooter
2021461088646,2021,461088646,1,90,electric scooter
2021461093256,2021,461093256,1,90,electric scooter
2021461096262,2021,461096262,1,90,electric scooter
2021461100463,2021,461100463,2,90,electric scooter
2021461106060,2021,461106060,1,90,electric scooter
2021461109951,2021,461109951,1,90,electric scooter
2021461126689,2021,461126689,1,90,electric scooter
2021461128514,2021,461128514,2,90,electric scooter
2021461129164,2021,461129164,1,90,electric scooter
2021461134271,2021,461134271,1,90,electric scooter
2021461138547,2021,461138547,1,90,electric scooter
2021461160717,2021,461160717,1,90,electric scooter
2021471011668,2021,471011668,2,90,electric scooter
2021471013018,2021,471013018,2,90,electric scooter
2021471014268,2021,471014268,1,90,electric scooter
2021471014800,2021,471014800,1,90,electric scooter
2021471017031,2021,471017031,2,90,electric scooter
2021471021465,2021,471021465,1,90,electric scooter
2021471032720,2021,471032720,1,90,electric scooter
2021471039174,2021,471039174,1,90,electric scooter
2021471042082,2021,471042082,1,90,electric scooter
2021471047027,2021,471047027,2,90,electric scooter
2021471051936,2021,471051936,1,90,electric scooter
2021471053051,2021,471053051,2,90,electric scooter
2021471054855,2021,471054855,1,90,electric scooter
2021471059026,2021,471059026,1,90,electric scooter
2021471059631,2021,471059631,1,90,electric scooter
2021471059717,2021,471059717,1,90,electric scooter
2021471064636,2021,471064636,1,90,electric scooter
2021471065844,2021,471065844,1,90,electric scooter
2021471067331,2021,471067331,1,90,electric scooter
2021471069450,2021,471069450,1,90,electric scooter
2021471074456,2021,471074456,1,90,electric scooter
2021471079488,2021,471079488,1,90,electric scooter
2021471083445,2021,471083445,1,90,electric scooter
2021471083993,2021,471083993,1,90,electric scooter
2021471094131,2021,471094131,1,90,electric scooter
2021471094596,2021,471094596,1,90,electric scooter
2021471094631,2021,471094631,1,90,electric scooter
2021471096635,2021,471096635,2,90,electric scooter
2021471099316,2021,471099316,1,90,electric scooter
2021471101205,2021,471101205,2,90,electric scooter
2021471103644,2021,471103644,1,90,electric scooter
2021471104126,2021,471104126,2,90,electric scooter
2021471104430,2021,471104430,1,90,electric scooter
2021471104435,2021,471104435,2,90,electric scooter
2021471107976,2021,471107976,1,90,electric scooter
2021471108480,2021,471108480,1,90,electric scooter
2021471110279,2021,471110279,2,90,electric scooter
2021471119866,2021,471119866,1,90,electric scooter
2021471124349,2021,471124349,1,90,electric scooter
2021480350825,2021,480350825,2,90,electric scooter
2021481038405,2021,481038405,1,90,electric scooter
2021481066737,2021,481066737,2,90,electric scooter
2021481066779,2021,481066779,1,90,electric scooter
2021481066808,2021,481066808,1,90,electric scooter
2021481114536,2021,481114536,1,90,electric scooter
2021481121414,2021,481121414,1,90,electric scooter
2021481141678,2021,481141678,1,90,electric scooter
2021481146155,2021,481146155,2,90,electric scooter
2021481153478,2021,481153478,1,90,electric scooter
2021501032890,2021,501032890,2,90,electric scooter
2021501044245,2021,501044245,1,90,electric scooter
2021501051661,2021,501051661,1,90,electric scooter
2021501066351,2021,501066351,1,90,electric scooter
2021501066426,2021,501066426,2,90,electric scooter
2021501072907,2021,501072907,1,90,electric scooter
2021501076163,2021,501076163,2,90,electric scooter
2021501083460,2021,501083460,1,90,electric scooter
2021501090340,2021,501090340,1,90,electric scooter
2021501092944,2021,501092944,1,90,electric scooter
2021501113774,2021,501113774,2,90,electric scooter
2021501117269,2021,501117269,2,90,electric scooter
2021501118828,2021,501118828,1,90,electric scooter
2021520104815,2021,520104815,2,90,electric scooter
2021520105196,2021,520105196,1,90,electric scooter
2021520105331,2021,520105331,2,90,electric scooter
2021520105548,2021,520105548,2,90,electric scooter
2021520105548,2021,520105548,3,90,electric scooter
2021520105607,2021,520105607,1,90,electric scooter
2021520106034,2021,520106034,1,90,electric scooter
2021520200168,2021,520200168,2,90,electric scooter
2021520200724,2021,520200724,2,90,electric scooter
2021520201225,2021,520201225,1,90,electric scooter
2021522101792,2021,522101792,2,90,electric scooter
2021522101845,2021,522101845,2,90,electric scooter
2021522102196,2021,522102196,1,90,electric scooter
2021522102631,2021,522102631,1,90,electric scooter
2021522102644,2021,522102644,1,90,electric scooter
2021522102692,2021,522102692,2,90,electric scooter
2021522102716,2021,522102716,2,90,electric scooter
2021522102780,2021,522102780,1,90,electric scooter
2021522102957,2021,522102957,1,90,electric scooter
2021522103150,2021,522103150,1,90,electric scooter
2021522103213,2021,522103213,1,90,electric scooter
2021522103375,2021,522103375,1,90,electric scooter
2021522103418,2021,522103418,1,90,electric scooter
2021522103488,2021,522103488,2,90,electric scooter
2021522103543,2021,522103543,1,90,electric scooter
2021522103573,2021,522103573,2,90,electric scooter
2021522103596,2021,522103596,2,90,electric scooter
2021522103611,2021,522103611,1,90,electric scooter
2021522103661,2021,522103661,1,90,electric scooter
2021522103758,2021,522103758,2,90,electric scooter
2021522103820,2021,522103820,2,90,electric scooter
2021522103883,2021,522103883,1,90,electric scooter
2021522104010,2021,522104010,1,90,electric scooter
2021522104012,2021,522104012,1,90,electric scooter
2021522104114,2021,522104114,1,90,electric scooter
2021522104139,2021,522104139,2,90,electric scooter
2021522104254,2021,522104254,2,90,electric scooter
2021522104341,2021,522104341,2,90,electric scooter
2021522104436,2021,522104436,1,90,electric scooter
2021522104445,2021,522104445,2,90,electric scooter
2021522104517,2021,522104517,2,90,electric scooter
2021522104622,2021,522104622,1,90,electric scooter
2021522104820,2021,522104820,1,90,electric scooter
2021522104873,2021,522104873,1,90,electric scooter
2021522104882,2021,522104882,2,90,electric scooter
2021522104957,2021,522104957,2,90,electric scooter
2021522104975,2021,522104975,1,90,electric scooter
2021522104980,2021,522104980,1,90,electric scooter
2021522104992,2021,522104992,1,90,electric scooter
2021522105014,2021,522105014,1,90,electric scooter
2021522105054,2021,522105054,1,90,electric scooter
2021522105107,2021,522105107,2,90,electric scooter
2021522105149,2021,522105149,1,90,electric scooter
2021522105188,2021,522105188,1,90,electric scooter
2021522105206,2021,522105206,1,90,electric scooter
2021522105220,2021,522105220,1,90,electric scooter
2021522105384,2021,522105384,1,90,electric scooter
2021522105556,2021,522105556,1,90,electric scooter
2021522105583,2021,522105583,1,90,electric scooter
2021522105635,2021,522105635,1,90,electric scooter
2021522105663,2021,522105663,1,90,electric scooter
2021522105755,2021,522105755,1,90,electric scooter
2021522105779,2021,522105779,2,90,electric scooter
2021522105787,2021,522105787,1,90,electric scooter
2021522105863,2021,522105863,1,90,electric scooter
2021522105865,2021,522105865,2,90,electric scooter
2021522105895,2021,522105895,1,90,electric scooter
2021522105934,2021,522105934,1,90,electric scooter
2021522106018,2021,522106018,2,90,electric scooter
2021522106134,2021,522106134,2,90,electric scooter
2021522106175,2021,522106175,1,90,electric scooter
2021522200001,2021,522200001,1,90,electric scooter
2021522200050,2021,522200050,2,90,electric scooter
2021522200050,2021,522200050,3,90,electric scooter
2021522200056,2021,522200056,2,90,electric scooter
2021522200099,2021,522200099,2,90,electric scooter
2021522200129,2021,522200129,3,90,electric scooter
2021522200219,2021,522200219,1,90,electric scooter
2021522200291,2021,522200291,1,90,electric scooter
2021522200426,2021,522200426,1,90,electric scooter
2021522200506,2021,522200506,1,90,electric scooter
2021522200618,2021,522200618,2,90,electric scooter
2021522200653,2021,522200653,1,90,electric scooter
2021522200705,2021,522200705,1,90,electric scooter
2021522200733,2021,522200733,1,90,electric scooter
2021522200920,2021,522200920,2,90,electric scooter
2021522200974,2021,522200974,1,90,electric scooter
2021522200992,2021,522200992,1,90,electric scooter
2021522201271,2021,522201271,2,90,electric scooter
2021522201336,2021,522201336,2,90,electric scooter
2021522201459,2021,522201459,2,90,electric scooter
2021522202724,2021,522202724,1,90,electric scooter
2021522202831,2021,522202831,1,90,electric scooter
2021531023850,2021,531023850,2,90,electric scooter
2021531062451,2021,531062451,2,90,electric scooter
2021531062959,2021,531062959,2,90,electric scooter
2021531099947,2021,531099947,2,90,electric scooter
2021545696221,2021,545696221,1,90,electric scooter
2021545697521,2021,545697521,1,90,electric scooter
2021546451921,2021,546451921,1,90,electric scooter
2021547832221,2021,547832221,1,90,electric scooter
2021548596121,2021,548596121,1,90,electric scooter
2021548721021,2021,548721021,1,90,electric scooter
2021548859521,2021,548859521,1,90,electric scooter
2021549762121,2021,549762121,1,90,electric scooter
2021549867321,2021,549867321,1,90,electric scooter
202154A964221,2021,54A964221,1,90,electric scooter
202154B607221,2021,54B607221,1,90,electric scooter
2021552100210,2021,552100210,1,90,electric scooter
2021552100274,2021,552100274,1,90,electric scooter
2021552100307,2021,552100307,2,90,electric scooter
2021552100326,2021,552100326,1,90,electric scooter
2021552100478,2021,552100478,1,90,electric scooter
2021552100572,2021,552100572,1,90,electric scooter
2021552100575,2021,552100575,1,90,electric scooter
2021552100629,2021,552100629,1,90,electric scooter
2021552100739,2021,552100739,2,90,electric scooter
2021552100751,2021,552100751,1,90,electric scooter
2021552100783,2021,552100783,1,90,electric scooter
2021552100808,2021,552100808,1,90,electric scooter
2021552100830,2021,552100830,1,90,electric scooter
2021552100948,2021,552100948,1,90,electric scooter
2021552100990,2021,552100990,1,90,electric scooter
2021552101094,2021,552101094,1,90,electric scooter
2021552101165,2021,552101165,2,90,electric scooter
2021552101191,2021,552101191,1,90,electric scooter
2021552101196,2021,552101196,1,90,electric scooter
2021552101197,2021,552101197,1,90,electric scooter
2021552101256,2021,552101256,1,90,electric scooter
2021552101279,2021,552101279,1,90,electric scooter
2021552101372,2021,552101372,1,90,electric scooter
2021552200043,2021,552200043,2,90,electric scooter
2021552200199,2021,552200199,2,90,electric scooter
2021552200200,2021,552200200,1,90,electric scooter
2021552200213,2021,552200213,2,90,electric scooter
202160Z082882,2021,60Z082882,1,90,electric scooter
202160Z098493,2021,60Z098493,2,90,electric scooter
202160Z140132,2021,60Z140132,1,90,electric scooter
202160Z155067,2021,60Z155067,1,90,electric scooter
2021610039121,2021,610039121,2,90,electric scooter
2021610061621,2021,610061621,1,90,electric scooter
2021622100251,2021,622100251,2,90,electric scooter
2021622100251,2021,622100251,3,90,electric scooter
2021622100260,2021,622100260,2,90,electric scooter
2021622100276,2021,622100276,1,90,electric scooter
2021622100309,2021,622100309,1,90,electric scooter
2021622100314,2021,622100314,1,90,electric scooter
2021622100331,2021,622100331,1,90,electric scooter
2021622100369,2021,622100369,1,90,electric scooter
2021622100469,2021,622100469,2,90,electric scooter
2021622100488,2021,622100488,1,90,electric scooter
2021622100571,2021,622100571,1,90,electric scooter
2021622100572,2021,622100572,2,90,electric scooter
2021622100633,2021,622100633,1,90,electric scooter
2021622100677,2021,622100677,1,90,electric scooter
2021622100812,2021,622100812,2,90,electric scooter
2021622100848,2021,622100848,1,90,electric scooter
2021622200061,2021,622200061,2,90,electric scooter
202163AF01421,2021,63AF01421,1,90,electric scooter
202163C071821,2021,63C071821,2,90,electric scooter
202163C085921,2021,63C085921,2,90,electric scooter
2021991032182,2021,991032182,1,90,electric scooter
2021991035659,2021,991035659,1,90,electric scooter
2021991054630,2021,991054630,2,90,electric scooter
2021991070354,2021,991070354,1,90,electric scooter
2021991072856,2021,991072856,2,90,electric scooter
2021991083937,2021,991083937,1,90,electric scooter
2021991084033,2021,991084033,1,90,electric scooter
2021991089297,2021,991089297,2,90,electric scooter
2021991095082,2021,991095082,1,90,electric scooter
2021991099166,2021,991099166,1,90,electric scooter
2021991119687,2021,991119687,1,90,electric scooter
2021991121482,2021,991121482,1,90,electric scooter
